POSITION,COMPANY,LOCATION,LINK
Full Stack React Web Developers,silverorange,Canada Only,https://weworkremotely.com/remote-jobs/silverorange-full-stack-react-web-developers
Senior React Developer - Remote,G2i Inc.,Americas Only/Europe Only,https://weworkremotely.com/remote-jobs/g2i-inc-senior-react-developer-remote
React & React Native Developer,Lemon.io,Latin America Only/Europe Only/Canada Only,https://weworkremotely.com/remote-jobs/lemon-io-react-react-native-developer-2
Full-stack Developer (React/Node),Lemon.io,Latin America Only/Europe Only/Canada Only,https://weworkremotely.com/remote-jobs/lemon-io-full-stack-developer-react-node-3
Fullstack Developer (React  React Native  Node.js) - Remote,G2i Inc.,Americas Only/Europe Only,https://weworkremotely.com/remote-jobs/g2i-inc-fullstack-developer-react-react-native-node-js-remote
Lead Full-Stack Developer (PHP / React),Konova AG,Europe Only,https://weworkremotely.com/remote-jobs/konova-ag-lead-full-stack-developer-php-react
Senior React Native Developer: Long-term job - 100% remote,Proxify AB,Anywhere in the World,https://weworkremotely.com/remote-jobs/proxify-ab-senior-react-native-developer-long-term-job-100-remote
Senior Open Source Developer & DevOps (Python  Django  React  AWS/OpenStack),OpenCraft,Anywhere in the World,https://weworkremotely.com/remote-jobs/opencraft-senior-open-source-developer-devops-python-django-react-aws-openstack
React Native Developer,RemoteMore,Americas Only/Europe Only/Africa Only,https://weworkremotely.com/remote-jobs/remotemore-react-native-developer-1
Full stack Javascript Developer (React.js + Node.js),UpStack Technologies  Inc.,Latin America Only/Europe Only,https://weworkremotely.com/remote-jobs/upstack-technologies-inc-full-stack-javascript-developer-react-js-node-js
JavaScript Developer (React or Vue or Angular  with Node.js),RemoteMore,Anywhere in the World,https://weworkremotely.com/remote-jobs/remotemore-javascript-developer-react-or-vue-or-angular-with-node-js-1
Frontend Engineer (ES8/React/Redux/Saga) ,Files.com,USA Only,https://weworkremotely.com/remote-jobs/files-com-frontend-engineer-es8-react-redux-saga
Senior Rails + React Engineer to help fight evil,Simplero,Anywhere in the World,https://weworkremotely.com/remote-jobs/simplero-senior-rails-react-engineer-to-help-fight-evil
Fullstack React Typescript Developer,CloudDevs,Anywhere in the World,https://weworkremotely.com/remote-jobs/clouddevs-fullstack-react-typescript-developer
Software Engineer (React),Voyage,Anywhere in the World,https://weworkremotely.com/remote-jobs/voyage-software-engineer-react-1
Senior Frontend Developer (React/React Native) - Remote,G2i Inc.,Americas Only,https://weworkremotely.com/remote-jobs/g2i-inc-senior-frontend-developer-react-react-native-remote
Remote Frontend Developer (JavaScript + React),Toggl,Europe Only,https://weworkremotely.com/remote-jobs/toggl-remote-frontend-developer-javascript-react-1
Senior or Staff Frontend Engineer - React (100% Remote),Close,Americas Only,https://weworkremotely.com/remote-jobs/close-senior-or-staff-frontend-engineer-react-100-remote-1
React.js Software Developer - Remote,UpStack Technologies  Inc.,Americas Only/Europe Only,https://weworkremotely.com/remote-jobs/upstack-technologies-inc-react-js-software-developer-remote
ReactJS Web Developer - Remote/SaaS (m/f/d),SocialHub,Anywhere in the World,https://weworkremotely.com/remote-jobs/socialhub-reactjs-web-developer-remote-saas-m-f-d-1
Experienced Frontend React/Shopify Developer,Whitespectre,Anywhere in the World,https://weworkremotely.com/remote-jobs/whitespectre-experienced-frontend-react-shopify-developer
Senior Front-End Engineer (React Native),Circle,Anywhere in the World,https://weworkremotely.com/remote-jobs/circle-senior-front-end-engineer-react-native-1
Senior Front-End React Native Engineer,Maharishi Foundation International,Anywhere in the World,https://weworkremotely.com/remote-jobs/maharishi-foundation-international-senior-front-end-react-native-engineer-3
React.js Engineer Frontend,ClickGUARD Inc.,Anywhere in the World,https://weworkremotely.com/remote-jobs/clickguard-inc-react-js-engineer-frontend
[FrontEnd] 웹서비스 프론트엔드 개발자,한국카카오은행,성남 분당구,https://kr.indeed.com/rc/clk?jk=40a3dd67769762b7&fccid=aea6a13a3459fdb2&vjs=3
2022년 상반기 백엔드 개발자,반달소프트,성남 분당구,https://kr.indeed.com/rc/clk?jk=1601f1bfe3302af5&fccid=f35f7fc5e918087a&vjs=3
[놀아조]프론트엔드 개발자(React Native) 신입/경력 정규직,놀아조,서울,https://kr.indeed.com/rc/clk?jk=a9fcfc155b93dd2e&fccid=89cd76707c0e27fb&vjs=3
IT부문 신입/경력 직원 수시,한국전자금융,서울 마포구,https://kr.indeed.com/rc/clk?jk=5179fa6854eda515&fccid=05b9e3e68be655f0&vjs=3
2022년 상반기 프론트엔드 개발자,반달소프트,성남 분당구,https://kr.indeed.com/rc/clk?jk=9d159f96dc2b5683&fccid=f35f7fc5e918087a&vjs=3
(주) 패스트림 React 웹 개발자,패스트림,서울 서초구,https://kr.indeed.com/rc/clk?jk=ccce757f9470d07d&fccid=e9d4861e38b26c44&vjs=3
.NET  C#  React  프론트엔드  백엔드 외 신입/경력 정규직,디포커스,서울 성동구,https://kr.indeed.com/rc/clk?jk=d32c39cd2f3c0f33&fccid=94cb52fcbb33911f&vjs=3
[쎄듀] 교육플랫폼(쎄듀런) React 프론트엔드 개발자,쎄듀,서울 강남구,https://kr.indeed.com/rc/clk?jk=a014f340f36e4315&fccid=0c27308de70b1b2a&vjs=3
AI 모빌리티 서비스의 미래 함께 열어갈 우수한 인재 찾습니다.,라온로드,성남 분당구,https://kr.indeed.com/rc/clk?jk=5133adebeb209d23&fccid=3f9a516642f6114a&vjs=3
커머스 플랫폼 개발자 (프론트엔드 - JavaScript  React),컬리,서울 강남구,https://kr.indeed.com/rc/clk?jk=88e72a2160248769&fccid=84f556ede0522ba3&vjs=3
웹개발자(Java React  Vue  api)  포항 광양 근무가능,네이처아이,포항 남구,https://kr.indeed.com/rc/clk?jk=fdabd9a6198d9699&fccid=4a45c004143471f1&vjs=3
모바일앱 개발자,민트소프트,경상북도 구미,https://kr.indeed.com/rc/clk?jk=6541fe30f382e3e4&fccid=b8b0c3b45fff91c9&vjs=3
Front-end 개발자 (React  React Native),쉐어잇,서울 강남구,https://kr.indeed.com/rc/clk?jk=27378cbd3bc04297&fccid=7dc5a68cd7d61777&vjs=3
웹개발  프론트엔드 외 신입/경력 정규직,아트맵,대구 북구,https://kr.indeed.com/rc/clk?jk=c7bfe01c5679b8c8&fccid=d66b60a88c4cdb83&vjs=3
[ICT] Frontend Developer[매니저  책임매니저],현대자동차그룹,대한민국,https://kr.indeed.com/rc/clk?jk=22044c233d5582b5&fccid=980d6ecc399a3373&vjs=3
[KREAM] Internal Product Frontend 개발자,크림,성남 분당구,https://kr.indeed.com/rc/clk?jk=f5db706c3a8d740d&fccid=146c028635667214&vjs=3
대기업 React 기발 운영 개발 하실 분,아이이에이,서울 중구,https://kr.indeed.com/rc/clk?jk=f2621cb1df4471c4&fccid=4f8894fe45617618&vjs=3
인프라칩과 함께하는 프론트엔드(Vue  React) 경력개발자,인프라칩,경기도 하남,https://kr.indeed.com/rc/clk?jk=060121225a937726&fccid=81b0da6ed88034f8&vjs=3
[버티컬서비스] 프론트엔드 개발자,위메프,대한민국,https://kr.indeed.com/rc/clk?jk=f9ce9fb363fc49c1&fccid=2f8799a5ef214646&vjs=3
Front-End 개발자 영입,카카오페이,성남 분당구,https://kr.indeed.com/rc/clk?jk=e8791049a257999c&fccid=c3aa6121be03065c&vjs=3
프론트 개발자 (인턴/신입/경력),자버,서울 마포구,https://kr.indeed.com/rc/clk?jk=11d6f9f2f47158fa&fccid=24bf9d1ffd205871&vjs=3
[TmaxSoft/자회사/R&D] 개발자,티맥스소프트,성남 분당구,https://kr.indeed.com/rc/clk?jk=3f33c6b9f0258edc&fccid=445576e2a7ced0d6&vjs=3
[신입/경력] 풀스택 개발자,구름,성남 분당구,https://kr.indeed.com/rc/clk?jk=4c8891f42faa0a50&fccid=93116efd0859e0ce&vjs=3
TMS 제품 Web 개발자,안랩,성남 분당구,https://kr.indeed.com/rc/clk?jk=2d767556da50ff85&fccid=0b88b2af6686dd2b&vjs=3
퍼플 플랫폼 웹 Front-End 개발자 모집,엔씨소프트,성남 판교역,https://kr.indeed.com/rc/clk?jk=01c5f2acdfd6b58c&fccid=a1e4e21b1f33cf40&vjs=3
에프앤가이드 각 부문 신입 및 경력,에프앤가이드,서울 강서구,https://kr.indeed.com/rc/clk?jk=920d6c07c7d1fcb9&fccid=94a6c170510fa77e&vjs=3
주니어 프론트엔드 개발자,유스비,서울 강남구,https://kr.indeed.com/rc/clk?jk=89cdabb9c98133a9&fccid=45f6e1b78c37cc54&vjs=3
[카카오커머스] 기술직군,카카오커머스,성남 분당구,https://kr.indeed.com/rc/clk?jk=2b9e604e63e7e46d&fccid=b1f5de6cae96f6c2&vjs=3
프론트엔드(REACT) 경력 정규직,넥스트커리어,서울 강남구,https://kr.indeed.com/rc/clk?jk=488aa0da8843c327&fccid=2d777ccbd7a449c1&vjs=3
[위메프오] 프론트엔드 개발자,위메프,대한민국,https://kr.indeed.com/rc/clk?jk=862a3e5756435e29&fccid=2f8799a5ef214646&vjs=3
부설연구소 - APP 개발자,대호아이앤티,창원 마산회원구,https://kr.indeed.com/rc/clk?jk=2dc15610c9939fe6&fccid=5371318b6396aac3&vjs=3
Diploma Student / Intern_Digital Labs_South Korea,SAP,서울,https://kr.indeed.com/rc/clk?jk=bae245229acbb59a&fccid=156c7820d1988640&vjs=3
백엔드 개발자 (3년 이상),유스비,서울 강남구,https://kr.indeed.com/rc/clk?jk=ab9aa02667ee568d&fccid=45f6e1b78c37cc54&vjs=3
css  웹퍼블리셔(HTML코딩) 외 경력 정규직,에이피서비스,서울 강남구,https://kr.indeed.com/rc/clk?jk=2dbe4c7e2066d839&fccid=561d63cf81871305&vjs=3
플랫폼 프론트엔드 개발자 (React)를 모십니다.,(주)휴톰 관심기업,서울 대흥동,https://kr.indeed.com/rc/clk?jk=68fa2e8f6b62e92a&fccid=667cf6cbd3cba549&vjs=3
React / React-Native 개발자 팀원 구해요(보충역 가능),페칭,서울 서초구,https://kr.indeed.com/rc/clk?jk=dbcbff4a5d6c25a9&fccid=b49e7030d0eebf6b&vjs=3
스트리밍 데이터 서비스 개발자 모집,엔씨소프트,성남 판교역,https://kr.indeed.com/rc/clk?jk=41ea8fbc1a687eb6&fccid=a1e4e21b1f33cf40&vjs=3
[해외취업] 대만계 글로벌 버블티 브랜드 미국현지법인 - IT !!,아이씨엔그룹,서울 역삼동,https://kr.indeed.com/rc/clk?jk=8fa1f30cfb93602f&fccid=1747ef880c1e67fb&vjs=3
Frontend 개발자(경력),네오폰스,대구 동대구역,https://kr.indeed.com/rc/clk?jk=03f2e40a8c7612dd&fccid=3cbb34fc9099e3bd&vjs=3
[LIG그룹 계열사] 이노와이어리스 서버 SW개발 신입/경력,이노와이어리스,성남 분당구,https://kr.indeed.com/rc/clk?jk=b83d7ffa45014d56&fccid=5eef1ddaf3611109&vjs=3
카카오 광고 플랫폼 개발자 모집,카카오,성남 판교역,https://kr.indeed.com/rc/clk?jk=052db237d0afb6c6&fccid=2952458d506281b4&vjs=3
Web 시스템 개발/운영[경력],현대자동차그룹,대한민국,https://kr.indeed.com/rc/clk?jk=61a4db9f1ec5b549&fccid=980d6ecc399a3373&vjs=3
프론트엔드 개발자 정규직,오비이랩,서울 강남구,https://kr.indeed.com/rc/clk?jk=bf16ad1902f2a2e3&fccid=715de450eed29374&vjs=3
카카오 전체의 계정 플랫폼을 만들 서버개발자 모집,카카오,성남 판교역,https://kr.indeed.com/rc/clk?jk=1399ee2f387a27dd&fccid=2952458d506281b4&vjs=3
프론트엔드 신입 정규직,엠아이솔루션,대전 유성구,https://kr.indeed.com/rc/clk?jk=4286cf2792adff12&fccid=17164eb61dc096d8&vjs=3
Frontend 개발자,플리토,서울 강남구,https://kr.indeed.com/rc/clk?jk=cb85566aedd4d1cf&fccid=01aed038bcce2a5f&vjs=3
[인텔리전스랩스] 빌링 서비스 프론트/백엔드 개발자 (C#  Java),Nexon,경기도 성남,https://kr.indeed.com/rc/clk?jk=14b99427e00dbad7&fccid=aba87288e4cc3687&vjs=3
프론트엔드  백엔드 웹개발자  모바일 앱개발자 상시,디제이패밀리,경상북도 안동,https://kr.indeed.com/rc/clk?jk=12f9117c0b6163f4&fccid=7b4618619d2410b2&vjs=3
놀아조 프론트엔트 개발자(React Native),놀아조,대한민국,https://kr.indeed.com/rc/clk?jk=86062ecdb6778b0c&fccid=89cd76707c0e27fb&vjs=3
[위메프서비스] 프론트엔드 개발자,위메프,대한민국,https://kr.indeed.com/rc/clk?jk=cd4215f2e3c50f03&fccid=2f8799a5ef214646&vjs=3
[양재역] 프론트엔드 (Vue.js  React  Node.js),시니어앤파트너즈,서울 서초구,https://kr.indeed.com/rc/clk?jk=a1aede21ac80c3ac&fccid=59060ddcdf96b101&vjs=3
Front-End 개발자 모집,엔씨소프트,성남 판교역,https://kr.indeed.com/rc/clk?jk=e5c8dd6951b017d1&fccid=a1e4e21b1f33cf40&vjs=3
CTO 영입,투이 컨설팅,대한민국,https://kr.indeed.com/rc/clk?jk=9cfa77d3af687ca2&fccid=d419a5149f49c794&vjs=3
React Native 엔지니어,RIDI Corp,서울,https://kr.indeed.com/rc/clk?jk=890e465d1a6a639f&fccid=ba4215b904dee414&vjs=3
DOSI/LINE NFT Front-end Engineer,라인넥스트,성남 분당구,https://kr.indeed.com/rc/clk?jk=e8474da7813a9759&fccid=74a4810da0f72037&vjs=3
[Project Plus] Scenario Writing (3년 ~ 10년),크래프톤,성남 분당구,https://kr.indeed.com/rc/clk?jk=8d26ccb08b8cd38d&fccid=0aeb279b74dee723&vjs=3
[정규직] 웹 개발자 (프론트 엔드  풀스택),주식회사카이팜 관심기업,서울 신촌동,https://kr.indeed.com/rc/clk?jk=adb810c45233628b&fccid=12165a812008ecdc&vjs=3
Front-end Software Engineer - Korea,MOLOCO,서울 강남구,https://kr.indeed.com/rc/clk?jk=a8fd53d000c5ffcc&fccid=27317bcae2b26fe5&vjs=3
e-Biz사업부 커머스 운영 및 웹개발자,신원,서울 마포구,https://kr.indeed.com/rc/clk?jk=ba72bf5eda707b2d&fccid=c3acd4578206b4eb&vjs=3
프론트엔드 개발자(3년 이상),유스비,서울 강남구,https://kr.indeed.com/rc/clk?jk=b5c9c1260a5f5b16&fccid=45f6e1b78c37cc54&vjs=3
프론트엔드(Front-end) 개발자님 정중히 (react-native),위솝,서울 마포구,https://kr.indeed.com/rc/clk?jk=b226536a79e18737&fccid=17a370bb75419be0&vjs=3
Front-end Engineer,ANGELSWING,대한민국,https://kr.indeed.com/rc/clk?jk=225b907c9a778e7e&fccid=0a64f3faaaf0a00c&vjs=3
[Back-end] 개발자 모집,엔씨소프트,성남 판교역,https://kr.indeed.com/rc/clk?jk=91e952e36d213d9e&fccid=a1e4e21b1f33cf40&vjs=3
프론트엔드 개발,넷마블,서울 구로구,https://kr.indeed.com/rc/clk?jk=319b321a0eaa1655&fccid=e696d83fde5c0f20&vjs=3
GC녹십자지놈LIMS팀,녹십자지놈,용인 기흥구,https://kr.indeed.com/rc/clk?jk=4d6d1f847c6a86f6&fccid=04db861701a301dc&vjs=3
데이터 엔지니어,인플루엔셜,서울 서초구,https://kr.indeed.com/rc/clk?jk=697f90b74b0dcc74&fccid=9c4ecdf1c55834a2&vjs=3
Pala Blockchain engineer 경력 정규직,팔라,성남 분당구,https://kr.indeed.com/rc/clk?jk=a4aff8018dbbaa30&fccid=62086f4e9fd74de9&vjs=3
핀테크 플랫폼 개발,NHN PAYCO,성남 판교역,https://kr.indeed.com/rc/clk?jk=ed092cebbdf903d9&fccid=a72ebaf825acf7af&vjs=3
프론트엔드 신입 / 경력 개발자,와이즈텍,서울 용산구,https://kr.indeed.com/rc/clk?jk=ea99143338a319b7&fccid=8b01882cef0e8002&vjs=3
[정규직 경력] 웹 응용프로그램 개발자,티파이브온라인,서울 금천구,https://kr.indeed.com/rc/clk?jk=5cbd27bc2ec69ded&fccid=81a556cf6af7bb19&vjs=3
프론트엔드 개발,문피아,서울 강남구,https://kr.indeed.com/rc/clk?jk=bc513e40181b3682&fccid=471d7816968e567a&vjs=3
(주)피타그래프 정보시스템 개발 부문 서울,피타그래프,서울 강서구,https://kr.indeed.com/rc/clk?jk=5de99e3dbd7e8f58&fccid=c232c1ff01bc06df&vjs=3
웹기획  UI·UX디자인 외 신입/경력 정규직  계약직  프리랜서,프레임아웃,서울 강남구,https://kr.indeed.com/rc/clk?jk=97ddc5dae28d53da&fccid=0c216192060ccbd7&vjs=3
AI Engineer (Speech),인플루엔셜,서울 서초구,https://kr.indeed.com/rc/clk?jk=f5ef74dae0e875ed&fccid=9c4ecdf1c55834a2&vjs=3
[협업툴] Front-End 개발(javascript  React.js  React Native 중  하나),콜라비팀,서울 강남구,https://kr.indeed.com/rc/clk?jk=04bfd9f54ac86232&fccid=33a3126ff5d1df70&vjs=3
[신입/경력] 웹  서버 어플리캐이션 개발자,포인트아이,서울 강남구,https://kr.indeed.com/rc/clk?jk=cbb38440f04b2e1c&fccid=da880234aa818777&vjs=3
스마트웹 콘텐츠개발자양성 과정 훈련교사 (스프링/리액트 등 가능하신 분),제이제이이엔씨,부산 부산진구,https://kr.indeed.com/rc/clk?jk=3bfc23c2d7d8737f&fccid=636cd35be369b069&vjs=3
Web Frontend개발,현대카드 캐피탈,서울 영등포구,https://kr.indeed.com/rc/clk?jk=a65243a1d192b5c6&fccid=fcc6d6b229369ff5&vjs=3
[개발자] 모비데이즈 웹퍼블리셔 경력직 채용,Mobidays,서울특별시,https://kr.indeed.com/rc/clk?jk=d74dff090d007aac&fccid=acd3976162a993e4&vjs=3
Senior Consultant (Expert Services) (Seoul  South Korea),Mendix,대한민국,https://kr.indeed.com/rc/clk?jk=fb9cc52c93fc3347&fccid=d906a35a8b5e576b&vjs=3
블록체인구축운영 경력 정규직,에그버스,서울 강남구,https://kr.indeed.com/rc/clk?jk=8c6b60f84776d526&fccid=284579f546cf721a&vjs=3
개발 총괄 PM,비플러스랩,대한민국,https://kr.indeed.com/rc/clk?jk=9c63fea8a3b83a00&fccid=b1aed4af80df99f2&vjs=3
모바일 React Native 개발 경력 정규직,패스트림,서울 서초구,https://kr.indeed.com/rc/clk?jk=6d9876dce5e908f4&fccid=e9d4861e38b26c44&vjs=3
[프론트 개발자] 경력직 정규직,인테리어티쳐,서울 서초구,https://kr.indeed.com/rc/clk?jk=7ad81c0f46823d2d&fccid=b0cfd2a918877ad9&vjs=3
기술 통해서 문화 만들 수 있는 개발자,옥토칼럼,대한민국,https://kr.indeed.com/rc/clk?jk=60a950bf1781acbb&fccid=d59a46b975f6213d&vjs=3
Software Engineer Intern - Autonomous Fleet System,Seoul Robotics,서울,https://kr.indeed.com/rc/clk?jk=130ac85864620612&fccid=622cfccd9f04f738&vjs=3
MVP 개발 엔지니어(서버  웹프론트) (정규직  계약직  프리랜서),더테스터,대전 중구,https://kr.indeed.com/rc/clk?jk=1748baa27965fdbf&fccid=948325a69d70601e&vjs=3
React Native Developer,아우름플래닛,서울 마포구,https://kr.indeed.com/rc/clk?jk=59c9ee6a635c251a&fccid=553095a190e81a86&vjs=3
[인공지능기업] 머신러닝 병역특례 전문연구요원,머니브레인,서울,https://kr.indeed.com/rc/clk?jk=28cb699ec609130e&fccid=928e065b762ec631&vjs=3
링크샵스 웹 프론트(Frontend) 개발 및 유지보수 담당,링크샵스,서울 중구,https://kr.indeed.com/rc/clk?jk=decec2d630da2a63&fccid=18e7053874dae63c&vjs=3
전산부문(POS개발팀),iCOOP 생협,군포 당동,https://kr.indeed.com/rc/clk?jk=8e9c5f6989cb3c16&fccid=122f0f9d3163935e&vjs=3
하이브리드 앱 개발자,밋잇챗,서울 역삼동,https://kr.indeed.com/rc/clk?jk=ba68cf9c91dc27c0&fccid=f349ec87ae1ec9c5&vjs=3
DB Engineer 모집,카카오,성남 판교역,https://kr.indeed.com/rc/clk?jk=9d2eee513761aded&fccid=2952458d506281b4&vjs=3
Web FrontEnd개발자 모집,알서포트,서울 몽촌토성역,https://kr.indeed.com/rc/clk?jk=325fdeb1c842ea48&fccid=1034bf55b977a0d1&vjs=3
[DTC프로덕트] Frontend 개발자 경력채용,한화그룹,서울,https://kr.indeed.com/rc/clk?jk=d5ea7fa62d3b9f1a&fccid=bd0dc1817223394f&vjs=3
[개발자] 모비데이즈 프론트엔드 개발자 경력직 채용,Mobidays,서울특별시,https://kr.indeed.com/rc/clk?jk=115c46e0d1df11d8&fccid=acd3976162a993e4&vjs=3
웹게임 프론트엔드 React 개발자 영입,메타보라,성남 분당구,https://kr.indeed.com/rc/clk?jk=a41f6a5720d3d2ef&fccid=e88b150ede0c0553&vjs=3
[다름] 웹퍼블리셔 정규직,다름,서울 금천구,https://kr.indeed.com/rc/clk?jk=e281b258d5c20f72&fccid=76c4a87bab7035e4&vjs=3
블록체인 플랫폼 웹서비스 백엔드 개발,NHN,성남 판교역,https://kr.indeed.com/rc/clk?jk=412a7e9942093ea9&fccid=a72ebaf825acf7af&vjs=3
[신입/경력] 프론트엔드/웹개발자/ 웹퍼블리셔 외 경력 정규직,이지픽,고양 일산동구,https://kr.indeed.com/rc/clk?jk=34c934269908d80e&fccid=b3ba6d2f554f657c&vjs=3
지식 콘텐츠 전문 기업 (매출 135억) 개발운영팀장,인파트너스,서울,https://kr.indeed.com/rc/clk?jk=f2fe0c403ad32915&fccid=e65c7a7fd4f89d1c&vjs=3
[신입/경력] 백앤드/프론트앤드 개발자,포에스텍,서울 성동구,https://kr.indeed.com/rc/clk?jk=0c6d2dbaa9d96000&fccid=3476005418c1964d&vjs=3
[송파구 문정동] 소프트웨어 개발사원,에너지코드,서울 송파구,https://kr.indeed.com/rc/clk?jk=e4668146aaa78f79&fccid=eededf3bee2da4cc&vjs=3
[SNOW] 웹 프론트엔드 개발자,스노우,성남 분당구,https://kr.indeed.com/rc/clk?jk=f0077852faa451fb&fccid=d6720c3277316d68&vjs=3
프론트엔드 개발자 모집,카룸 관심기업,대한민국,https://kr.indeed.com/rc/clk?jk=43bdfb82d53ba911&fccid=988826bf8a01394b&vjs=3
커머스 솔루션 및 웹 개발(JAVA React) 경력,매디브,서울 마포구,https://kr.indeed.com/rc/clk?jk=95e98f21931ecc0f&fccid=cfe06628072cc5b2&vjs=3
(경력) 정규직 C#개발자,아이에스오에스컨설팅,서울 금천구,https://kr.indeed.com/rc/clk?jk=39f8eb340420fbab&fccid=52c348f9323c4326&vjs=3
클라이언트 개발자 FrontEnd Developer,에스제이에이치스튜디오,서울 역삼동,https://kr.indeed.com/rc/clk?jk=4889d2814b462d35&fccid=b160cc3e023e1129&vjs=3
이엠시티와 함께 글로벌 시장에 도전할 개발자,이엠시티,서울 영등포구,https://kr.indeed.com/rc/clk?jk=ae2e7d32073a3238&fccid=a4e6e58965743113&vjs=3
[SM]중급/JAVA/12개월/분당정자,원스링크,성남 분당구,https://kr.indeed.com/rc/clk?jk=168ea8c690f2a632&fccid=a552f4a0fadd5050&vjs=3
웹서비스 개발 및 유지보수 담당,에이치티에이,서울 강남구,https://kr.indeed.com/rc/clk?jk=62d915456740349f&fccid=f050cf6081c343e9&vjs=3
Frontend Developer  CLO-SET,CLO Virtual Fashion,서울,https://kr.indeed.com/rc/clk?jk=1356394af363c142&fccid=dca5e8b8952213a9&vjs=3
[쓰리에이치에스] 솔루션 개발자,쓰리에이치에스,서울 구로구,https://kr.indeed.com/rc/clk?jk=4e36807df39efddf&fccid=282a4e5499f5cda7&vjs=3
[인공지능기업] Front-End  HTML  CSS,머니브레인,서울,https://kr.indeed.com/rc/clk?jk=655b7360721ec6a7&fccid=928e065b762ec631&vjs=3
[IT기업] 안드로이드 개발자 공개,우리요,전주 완산구,https://kr.indeed.com/rc/clk?jk=5c4c870e7a59c64e&fccid=b32458f049187eac&vjs=3
[신입/경력] 프론트엔드 개발 (html외2 부문 정규직 모집,(주)원더온 관심기업,서울 성수동1가,https://kr.indeed.com/rc/clk?jk=56e6e827298d33b6&fccid=62a316a4088ad7de&vjs=3
블록체인 플랫폼 웹서비스 프론트엔드 개발,NHN,성남 판교역,https://kr.indeed.com/rc/clk?jk=5095662a1b667a76&fccid=a72ebaf825acf7af&vjs=3
Front-end Developer,크래프트테크놀로지스,서울 영등포구,https://kr.indeed.com/rc/clk?jk=baac449478aa1d96&fccid=2775f62c77fd9b9e&vjs=3
[인텔리전스랩스] 거래플랫폼팀 백엔드 개발자 (Java),Nexon,경기도 성남,https://kr.indeed.com/rc/clk?jk=dddb5dea33db6da0&fccid=aba87288e4cc3687&vjs=3
프론트 및 백앤드 경력 정규직 [대리/과장],hTLM HR,서울 강남구,https://kr.indeed.com/rc/clk?jk=8506e3b3bdc3b0dd&fccid=500eaf9389fd6cac&vjs=3
Sefinity ESM 개발 및 유지보수 (채용시 마감),안랩,성남 분당구,https://kr.indeed.com/rc/clk?jk=c00be87f0dd2850a&fccid=0b88b2af6686dd2b&vjs=3
프론트엔드  HTML·DHTML·mHTML 외 경력 정규직,바오밥파트너즈,서울 강남구,https://kr.indeed.com/rc/clk?jk=b3a3c060c15e95cf&fccid=7841155ce7fa178a&vjs=3
온라인 코딩교육 스타트업 Web Full Stack 개발자 3년이상,그레이프 파트너즈,서울 종로구,https://kr.indeed.com/rc/clk?jk=82b2ff1b7f1200cc&fccid=e4111ad0459bc402&vjs=3
Frontend Developer,아우름플래닛,서울 마포구,https://kr.indeed.com/rc/clk?jk=2c424681fddd90dc&fccid=553095a190e81a86&vjs=3
약문약답과 함께 성장할 프론트엔드 SW 개발자,약문약답,성남 분당구,https://kr.indeed.com/rc/clk?jk=02b692efa5de2722&fccid=27e708ed46de0c83&vjs=3
카카오 사용자 인터랙션 연구 개발,카카오,성남 판교역,https://kr.indeed.com/rc/clk?jk=cfe479017410767c&fccid=2952458d506281b4&vjs=3
AI 인공지능 서비스 플랫폼 개발자,코그넷나인,서울 서초구,https://kr.indeed.com/rc/clk?jk=d4fedbedf819ba56&fccid=015d2bad6d9df969&vjs=3
JAVA 서버 개발,NHN PAYCO,성남 판교역,https://kr.indeed.com/rc/clk?jk=4ad91794ab7d80cf&fccid=a72ebaf825acf7af&vjs=3
Node.js Back-end 개발자 팀원 구해요(보충역 가능),페칭,서울 서초구,https://kr.indeed.com/rc/clk?jk=ada6de5bb63787e1&fccid=b49e7030d0eebf6b&vjs=3
React  NodeJs 풀스택 웹개발자 모집,에이치앤비지노믹스 관심기업,울산 전하동,https://kr.indeed.com/rc/clk?jk=6b4eb857a8ecaebe&fccid=c4e46c856ad6c164&vjs=3
22년 12월 비상교육 IT직무(AI 개발 퍼블리싱) 수시채용(경력),비상교육,대한민국,https://kr.indeed.com/rc/clk?jk=60d786987f0ac339&fccid=b787a1d701399504&vjs=3
백엔드 웹 개발자 Back-end Developer,인텔리코리아,서울 금천구,https://kr.indeed.com/rc/clk?jk=ee1802a0cf57d159&fccid=16ab77ef5888e778&vjs=3
[내일채움공제가입가능 사업장]프론트엔드 경력직 개발자,엔버스,대전 대덕구,https://kr.indeed.com/rc/clk?jk=e7b13c2ea2144582&fccid=b9484b4d63da1c04&vjs=3
[IT운영팀] Backend 개발자 Junior  Senior 경력채용,한화그룹,서울,https://kr.indeed.com/rc/clk?jk=b8b2d14f35eb706a&fccid=bd0dc1817223394f&vjs=3
프론트엔드 개발자  백엔드 개발자 중,로드윌,대전광역시,https://kr.indeed.com/rc/clk?jk=adcedcfe93437ce1&fccid=dfbb25d823af0f88&vjs=3
[Manta] React Native 앱 엔지니어,RIDI Corp,서울,https://kr.indeed.com/rc/clk?jk=7bf054de921c7567&fccid=ba4215b904dee414&vjs=3
Front-end Engineer,Riiid Labs,서울,https://kr.indeed.com/rc/clk?jk=88cf1342e44cb5b6&fccid=933989f3b0ffe928&vjs=3
Developer / Designer recruit,마이뮤직테이스트,서울 논현동,https://kr.indeed.com/rc/clk?jk=55a19c92c845685e&fccid=74d05cee5b52f133&vjs=3
(주)푸른새벽 웹/앱 프로그래머 팀원,푸른새벽,서울 영등포구,https://kr.indeed.com/rc/clk?jk=a14fe79cc82d9033&fccid=da308bf6bedd9bf5&vjs=3
[카카오 클라우드] Cloud 서비스 (Infra as a Service) 개발자 모집,카카오,성남 판교역,https://kr.indeed.com/rc/clk?jk=9681bee6bfc434f1&fccid=2952458d506281b4&vjs=3
[Project Plus] Character 3D Art (5년 이상),크래프톤,성남 분당구,https://kr.indeed.com/rc/clk?jk=5d53808fa6d206f0&fccid=0aeb279b74dee723&vjs=3
사업 확장 개발 및 디자인,랭킹볼코리아,서울 강남구,https://kr.indeed.com/rc/clk?jk=da329a3cb84cc64c&fccid=cd9ca09907f0d9ed&vjs=3
China Correspondent,The New York Times,서울,https://kr.indeed.com/rc/clk?jk=a17e06c42b485b5a&fccid=1b50fcfb150b1b48&vjs=3
(주)비브이씨  프론트엔드 개발자 (정규직/유연근무제),비브이씨,서울 마포구,https://kr.indeed.com/rc/clk?jk=d235f23251ca7052&fccid=1897be4b0dd0ade1&vjs=3
[NFT Metaverse Dept.] Server Programmer (신입 ~ 10년),크래프톤,서울 서초구,https://kr.indeed.com/rc/clk?jk=07c30a35c3b10f45&fccid=0aeb279b74dee723&vjs=3
[카카오 클라우드] 컨테이너 기반 CI/CD 플랫폼 개발자 모집,카카오,성남 판교역,https://kr.indeed.com/rc/clk?jk=9303bedf25d412c8&fccid=2952458d506281b4&vjs=3
UX and Front End Developer - Work in Sweden,Iknal Semikan,서울,https://kr.indeed.com/rc/clk?jk=17957df0aa4f4611&fccid=1c1f99bc5683e9f2&vjs=3
앱 프론트엔드 개발자 (유연근무제),핑퐁,서울 종로구,https://kr.indeed.com/rc/clk?jk=b5110cd1c0bf6df1&fccid=0a12a7b0211de47b&vjs=3
Digital Marketing Officer (New Position),국경없는의사회 한국,서울 강남구,https://kr.indeed.com/rc/clk?jk=093e590cfcda864e&fccid=ef6a7567d77a96bc&vjs=3
프론트엔드 개발자 정규직 (경력 1~3년),레뷰코퍼레이션,서울 강남구,https://kr.indeed.com/rc/clk?jk=46658f31d1cd2d56&fccid=959c02e6747e9791&vjs=3
구매시스템 개발/운영[경력],현대자동차그룹,서울 강남구,https://kr.indeed.com/rc/clk?jk=e700413d9657c0d3&fccid=980d6ecc399a3373&vjs=3
Software Engineer Intern - Korea,MOLOCO,서울 강남구,https://kr.indeed.com/rc/clk?jk=c2f271fbd2fa95e7&fccid=27317bcae2b26fe5&vjs=3
Front-end Engineer - 커머스플랫폼[매니저(G2)  책임매니저(G3)],현대자동차그룹,서울 양재역,https://kr.indeed.com/rc/clk?jk=ad22068e94a52e63&fccid=980d6ecc399a3373&vjs=3
플랫폼 개발-프론트앤드 개발자,띵스파이어,서울 영등포구,https://kr.indeed.com/rc/clk?jk=f0a8c8881599d2d2&fccid=01368044e18e491c&vjs=3
비즈개발실 서버 개발자 모집,카카오,성남 판교역,https://kr.indeed.com/rc/clk?jk=27d4640b1b31ffd6&fccid=2952458d506281b4&vjs=3
게임 웹사이트 프론트엔드 개발,NHN,성남 판교역,https://kr.indeed.com/rc/clk?jk=410349d5ec9552be&fccid=a72ebaf825acf7af&vjs=3
게임플랫폼 프론트엔드 개발,NHN,성남 판교역,https://kr.indeed.com/rc/clk?jk=8b8e6db1c68f4b32&fccid=a72ebaf825acf7af&vjs=3
빅데이터 플랫폼 서비스 개발자 모집,카카오,성남 판교역,https://kr.indeed.com/rc/clk?jk=f934b466ae0434a3&fccid=2952458d506281b4&vjs=3
APP 개발자(react native),더트라이브,과천 과천시,https://kr.indeed.com/rc/clk?jk=44555f028d57be1e&fccid=c69f4f5a859c7964&vjs=3
Software Engineer (Front-End Web),TalentMatters,대한민국,https://kr.indeed.com/rc/clk?jk=9de2be96bd36b77a&fccid=d5735b574ae38a12&vjs=3
Frontend Engineer,팀스파르타,서울 강남구,https://kr.indeed.com/rc/clk?jk=24f6635ed802c335&fccid=8224d74d652a4cc2&vjs=3
올리브 핀테크 함께 일하실 CTO,올리브핀테크,서울 서초구,https://kr.indeed.com/rc/clk?jk=89f3b0bb67aad471&fccid=4a788b2492274905&vjs=3
파이썬(python) 백엔드 개발자 (전문연구요원 가능),아토머스,서울 강남구,https://kr.indeed.com/rc/clk?jk=240326a26bd13bf2&fccid=660bbb21789ab63d&vjs=3
웹프론트엔드개발 경력 정규직,아이디엔디,서울 강남구,https://kr.indeed.com/rc/clk?jk=650d3bd94f998d19&fccid=64c8d7973bb1fdde&vjs=3
[(주)비스타컴] Anti-Drone 분야 S/W 및 시스템 개발자 /주 4일 근무,국방기술진흥연구소,안양 동안구,https://kr.indeed.com/rc/clk?jk=61c9ba39fd3e2332&fccid=8d812051374a13e2&vjs=3
프론트엔드,인플루엔셜,서울 서초구,https://kr.indeed.com/rc/clk?jk=8ef9036d959e8f83&fccid=9c4ecdf1c55834a2&vjs=3
백엔드,인플루엔셜,서울 서초구,https://kr.indeed.com/rc/clk?jk=e10b2f8fba870dfc&fccid=9c4ecdf1c55834a2&vjs=3
(경력) 퍼블리셔,머스트잇,서울 강남구,https://kr.indeed.com/rc/clk?jk=24a6c079a7f0474e&fccid=a23ae42e2166c1ea&vjs=3
SW 개발 직군,한화그룹,서울,https://kr.indeed.com/rc/clk?jk=0553e798c340a866&fccid=bd0dc1817223394f&vjs=3
법인고객관리 / 영업지원 정규직 사원 (현장영업 X),유스비,서울 강남구,https://kr.indeed.com/rc/clk?jk=3e43231d63464e50&fccid=45f6e1b78c37cc54&vjs=3
하반기 웹개발 및 R&D,위지언,서울 금천구,https://kr.indeed.com/rc/clk?jk=9995462873cb27bf&fccid=6af5024897c08b37&vjs=3
[신입/경력]개발자,마인,안산 상록구,https://kr.indeed.com/rc/clk?jk=712fc3ac1c926350&fccid=0146b32e9ea1b44b&vjs=3
FrontEnd Developer(프론트앤드) 클라이언트 개발자 경력,에스제이에이치스튜디오,서울 역삼동,https://kr.indeed.com/rc/clk?jk=89a05c7c844b1526&fccid=b160cc3e023e1129&vjs=3
스마트폰 어플리케이션(App)  웹개발 외 경력 정규직,에이치랩,서울 금천구,https://kr.indeed.com/rc/clk?jk=d89bee33eb6a66b7&fccid=8aeaaa8ca6867ca8&vjs=3
[NHN Bugs] 웹개발(Front-End) 경력,엔에이치엔벅스,성남 분당구,https://kr.indeed.com/rc/clk?jk=354b9eb5c67d1015&fccid=c735718f69fb3d0c&vjs=3
프론트엔드 경력 정규직,엔버랩스,서울 마포구,https://kr.indeed.com/rc/clk?jk=bac821792ded9fcb&fccid=7b65e233d4a35bbe&vjs=3
Android 앱 개발  iOS 앱 개발 외 신입/경력 정규직,더포스웨이브,경상북도 구미,https://kr.indeed.com/rc/clk?jk=e75e0359db2599ec&fccid=ee725bac79ad2655&vjs=3
OFA Product Specialist,Atlas Copco Korea Co.  Ltd.,대한민국,https://kr.indeed.com/rc/clk?jk=bc9ed9283379c577&fccid=69e05d80459e61b8&vjs=3
[세종시][SW개발자] AWS기반 플랫폼 서비스 개발 및 운영 담당할 SW개발 인력,시큐리티캠프,세종특별자치시 세종,https://kr.indeed.com/rc/clk?jk=2d9a203dda57dfbd&fccid=46ee82e102cb9de8&vjs=3
[BATTLEGROUNDS] Anti-Cheat 플랫폼 엔지니어 (2년 이상),크래프톤,서울 서초구,https://kr.indeed.com/rc/clk?jk=9c39898b6496961c&fccid=0aeb279b74dee723&vjs=3
프론트엔드개발자,엠서클,서울 삼성동,https://kr.indeed.com/rc/clk?jk=5dd6fdaf61e11692&fccid=17e755bdb1dbd573&vjs=3
세이프닥 앱 개발자와 크라우드 소싱 기반 시스템 개발자를 모집합니다.,세이프닥 관심기업,서울 송파동,https://kr.indeed.com/rc/clk?jk=e242f768401fa4ec&fccid=9a13673140d67563&vjs=3
Project Leader (Project Manager) 1 1,Edwards Korea Ltd,충청남도 천안,https://kr.indeed.com/rc/clk?jk=a2450f4292ddf63c&fccid=5ea45583d6e2743c&vjs=3
업템포와 함께 혁신 만들어갈 IT 인재 프론트/백엔드  풀스택 개발자/PM,업템포마케터즈,서울 강남구,https://kr.indeed.com/rc/clk?jk=14db32f1c08d3dba&fccid=f089cf32a9b0721a&vjs=3
[톡FE파트/FE플랫폼팀] 프론트엔드 개발자 모집,카카오,성남 판교역,https://kr.indeed.com/rc/clk?jk=96e73b754354f3ad&fccid=2952458d506281b4&vjs=3
Software Engineer - Front-End,Seoul Robotics,서울,https://kr.indeed.com/rc/clk?jk=1689abc8c36e7398&fccid=622cfccd9f04f738&vjs=3
[위메프] 보안 R&D 엔지니어,위메프,대한민국,https://kr.indeed.com/rc/clk?jk=10e19859fd3d47e3&fccid=2f8799a5ef214646&vjs=3
웹앱개발 위한 풀스택 엔지니어,키플,수원 영통구,https://kr.indeed.com/rc/clk?jk=0f7082a9525be8cd&fccid=8998f0fe3f08a5e3&vjs=3
Soma Frontend Software Engineer,직방,서울 종로구,https://kr.indeed.com/rc/clk?jk=0c7b9b3f7e52ec5a&fccid=750d792cf813d448&vjs=3
(주)비즈코웍 프론트엔드/백엔드 경력 직원,비즈코웍,서울 서초구,https://kr.indeed.com/rc/clk?jk=35dcbfae71082cb1&fccid=3b5af77baa8b0a70&vjs=3
개발자,디휴브,고양 일산동구,https://kr.indeed.com/rc/clk?jk=18c560ca351e0b0e&fccid=f6c95069c5552ad4&vjs=3
웹 프론트엔드 개발,브이씨엔씨,서울 강남구,https://kr.indeed.com/rc/clk?jk=d08e446261a5f4c4&fccid=e1c15548e10bdf0a&vjs=3
빅데이터 솔루션 개발자(경력),타파크로스,서울 성동구,https://kr.indeed.com/rc/clk?jk=b5a7b5c0c5ad75f0&fccid=0139beabe666df14&vjs=3
서울 강남구 인썸니아 시니어 개발자 및 퍼블리셔,인썸니아,서울 서초구,https://kr.indeed.com/rc/clk?jk=6c1d50662fa2d7f7&fccid=71bba75c2a7d79a0&vjs=3
3D WebGL 개발자,나모웹비즈,서울,https://kr.indeed.com/rc/clk?jk=3163435232f86b50&fccid=c4d3c277618f0214&vjs=3
풀스택 개발자 (경력 2년 이상),자버,서울 마포구,https://kr.indeed.com/rc/clk?jk=2ac8b1802de5417d&fccid=24bf9d1ffd205871&vjs=3
(주)유비케어 연구개발 신입/경력 인재영입,유비케어,서울 구로구,https://kr.indeed.com/rc/clk?jk=8e5d8fdb2576e6a2&fccid=3cb0cf5421b60068&vjs=3
(주)엘솔루 웹 개발자,㈜엘솔루,서울,https://kr.indeed.com/rc/clk?jk=2b8b9164243592b6&fccid=35c61db9f1514baf&vjs=3
유망 영상 컨텐츠 플랫폼 기업 - [신규프로젝트] 웹프론트 개발자,인코리아 프로페셔널,서울 서초구,https://kr.indeed.com/rc/clk?jk=afe239373e006be5&fccid=842365965c1f45a0&vjs=3
[협업툴] React Native 모바일 개발,콜라비팀,서울 강남구,https://kr.indeed.com/rc/clk?jk=2a8a436f04dff2f8&fccid=33a3126ff5d1df70&vjs=3
[BLUE Unit] 3D Environment Artist (5 yrs +),크래프톤,성남 분당구,https://kr.indeed.com/rc/clk?jk=f6c561e1d434b6b3&fccid=0aeb279b74dee723&vjs=3
웹개발  백엔드 외 경력 정규직,아이티엔제이,울산 남구,https://kr.indeed.com/rc/clk?jk=7dbaa95d22eacd29&fccid=e2652b7e13d4cb4d&vjs=3
[성수동] 웹개발(프론트 백엔드) (경력),시니어앤파트너즈,서울 성동구,https://kr.indeed.com/rc/clk?jk=eb80e2a051fbb24a&fccid=59060ddcdf96b101&vjs=3
풀스택 개발자,아트스피치앤커뮤니케이션,서울 마포구,https://kr.indeed.com/rc/clk?jk=77daad1c1f080cb1&fccid=0bd6cf3d89db248b&vjs=3
Business Controller (Manufacturing  FP&A),Merck KGaA Darmstadt Germany,서울,https://kr.indeed.com/rc/clk?jk=2bd4631001c36364&fccid=68d0e0954a811351&vjs=3
프론트엔드 웹 개발자,펄핏,서울 강남구,https://kr.indeed.com/rc/clk?jk=9ba2af0dadae83c3&fccid=7de729fac59952f3&vjs=3
AI SW개발(프론트엔드)부문 인재,신세계아이앤씨,서울 중구,https://kr.indeed.com/rc/clk?jk=0e1823568b6cc16d&fccid=7009e9adee12ff99&vjs=3
여행 좋아하는 주니어 개발자,메리홀리데이,서울 강남구,https://kr.indeed.com/rc/clk?jk=bcb66193e91fee96&fccid=a42311527da9836f&vjs=3
웹 서비스 엔지니어 ( 주식정보 제공 시스템 ),에스비씨엔,서울 영등포구,https://kr.indeed.com/rc/clk?jk=92cb75f8d7457374&fccid=7c743c071619900d&vjs=3
웹프로그램(JSP  JAVA) / 서버 개발자,레어소프트,서울 금천구,https://kr.indeed.com/rc/clk?jk=585e698d1b87dad0&fccid=4a2392aeb4e6cfc7&vjs=3
Java 웹 개발 신입/경력/PM,시큐어비즈,서울 중랑구,https://kr.indeed.com/rc/clk?jk=45b3d241e3f0ce1a&fccid=5f63f5e3dfd5fc9d&vjs=3
[글로벌디지털마케팅] Python Backend Engineer 정규직,콘센트릭스서비스코리아,서울 용산구,https://kr.indeed.com/rc/clk?jk=67def202b8c35365&fccid=7789b87d5d996c4a&vjs=3
웹 프론트엔드 개발자,프루팅,서울 서초구,https://kr.indeed.com/rc/clk?jk=f3814da45c7f7954&fccid=b9e07afb18613786&vjs=3
프론트엔드웹퍼블리셔,엠서클,서울 삼성동,https://kr.indeed.com/rc/clk?jk=fe8e7eb4cc5b4bf5&fccid=17e755bdb1dbd573&vjs=3
Regional Real Estate Design Manager  APAC,ByteDance,서울,https://kr.indeed.com/rc/clk?jk=4b345f771ae89023&fccid=74fbc768a4e5bece&vjs=3
리액트 개발자,이지트러스트,대한민국,https://kr.indeed.com/rc/clk?jk=c5c7838335383ff8&fccid=df410897b34f609a&vjs=3
[Project Plus] Environment 3D Art (5년 이상),크래프톤,성남 분당구,https://kr.indeed.com/rc/clk?jk=bf9ee0fe1bfb65af&fccid=0aeb279b74dee723&vjs=3
쓰담 Server Developer,노마드스타,서울 서초구,https://kr.indeed.com/rc/clk?jk=21f32b8f1827025d&fccid=7eb5f4190a03377e&vjs=3
주니어 웹 프론트엔드 개발자,키튼플래닛(주) 관심기업,용인 동천동,https://kr.indeed.com/rc/clk?jk=eb79bb3959ab0cc8&fccid=09d9cc4471502446&vjs=3
미리캔버스 프론트엔드 개발자,미리디,서울 구로구,https://kr.indeed.com/rc/clk?jk=a41df86fe7aca610&fccid=4cb72ca574a6bab7&vjs=3
[3년 이상] Analytics/Data Angineer,아이디케이스퀘어드,서울 중구,https://kr.indeed.com/rc/clk?jk=27efbf31dc7befc6&fccid=27d5ff5361e13c7a&vjs=3
프론트엔드 개발,버닛,서울 금천구,https://kr.indeed.com/rc/clk?jk=d4aabd743cd66377&fccid=930086c83ee8b69c&vjs=3
아정당 강남점 22년 하반기 신입사원 정규직 (웹 백엔드 개발  웹 프론트엔드 개발),아정네트웍스,서울 강남구,https://kr.indeed.com/rc/clk?jk=9b1cad0b8ab336d9&fccid=67fa07f1705f1f28&vjs=3
[컨설팅] MCS2본부-DSP2 -연결 회계  관리회계  그룹 경영관리  마이크로소프트 및 IT컨설턴트 채용,삼정 KPMG,서울 강남구,https://kr.indeed.com/rc/clk?jk=82ce761572e73bd2&fccid=7651bf7c7525e8f6&vjs=3
오지 백엔드 엔지니어 찾고 있습니다.,오지,서울 서초구,https://kr.indeed.com/rc/clk?jk=f527f5c918f8a729&fccid=6db94cab58a1fb7d&vjs=3
루티너리 RN 개발자 전세계 50만 명의 일상 바꿉니다,루티너리,서울 서초구,https://kr.indeed.com/rc/clk?jk=ba56c6b23e59a8c8&fccid=e0f0b7213f1a4162&vjs=3
웹디자이너/프런트개발자분 (이커머스 스타트업),더블아이즈,서울 용산구,https://kr.indeed.com/rc/clk?jk=9521fbf0adbf1536&fccid=77cad0bfb49173f9&vjs=3
웹 프런트 엔드 경력 개발자,노아시스템,서울 금천구,https://kr.indeed.com/rc/clk?jk=937a9acb1dce295e&fccid=08bac62333401857&vjs=3
[홈IoT 사업팀 개발그룹] 모바일 앱 개발,직방,서울 종로구,https://kr.indeed.com/rc/clk?jk=5935d1c94c5b2fe7&fccid=750d792cf813d448&vjs=3
[안드로이드/IOS 개발자] 경력직 정규직,인테리어티쳐,서울 서초구,https://kr.indeed.com/rc/clk?jk=dcd66f17c72a99b8&fccid=b0cfd2a918877ad9&vjs=3
[실내외배송로봇] 프론트 엔드 웹 개발자,로보티즈,서울 강서구,https://kr.indeed.com/rc/clk?jk=6bda9a114d9db74e&fccid=3f656eb87b759ea2&vjs=3
헬스케어&핀테크 결합 APP 서비스 개발자,파인랩,서울 강남구,https://kr.indeed.com/rc/clk?jk=b3f5c247d07ad1fc&fccid=20d3ea0fbb016944&vjs=3
원격의료 성병검사 서비스 cheKIT(체킷) 프론트엔드 개발자 채용,(주)쓰리제이 관심기업,서울 공덕동,https://kr.indeed.com/rc/clk?jk=806c3dee5af1ca46&fccid=64c4d60c8e9bbbb8&vjs=3
[IT운영팀] Frontend 개발자 Junior  Senior 경력채용,한화그룹,서울,https://kr.indeed.com/rc/clk?jk=ddb3fb67ebf12a36&fccid=bd0dc1817223394f&vjs=3
웹 디자이너 / 서비스 엔지니어 ( PHP 및 웹서비스 개발자 ),에스비씨엔,서울 영등포구,https://kr.indeed.com/rc/clk?jk=109be79a3d9a412a&fccid=7c743c071619900d&vjs=3
비영리법인(인원:100명  서울 서초구 소재(교대역인근)) IT개발자 경력 건 (총 6명),에이스파트너스서치펌,서울 서초구,https://kr.indeed.com/rc/clk?jk=95e2dd4ed7eb0d04&fccid=be617507d5c823af&vjs=3
APP 개발자,(주)엠마헬스케어 관심기업,성남 야탑동,https://kr.indeed.com/rc/clk?jk=2f2e66ea614ba3fc&fccid=007358e8ed4f5a59&vjs=3
2021년 상반기 R&D 개발자 (병역특례 가능/경력 무관),네오스텍,인천 연수구,https://kr.indeed.com/rc/clk?jk=754be9e3d78fa802&fccid=6ec20471817e2f20&vjs=3
(다댐 앱) 앱/웹 경력 개발자,링크캠퍼스,광주 동구,https://kr.indeed.com/rc/clk?jk=7386e6b3b4734b9b&fccid=89d494f1287eb583&vjs=3
(주)민트팟 개발팀 Back-End 개발자,민트팟,서울 서초구,https://kr.indeed.com/rc/clk?jk=fc017411e273bbb9&fccid=8ccf12dd65544365&vjs=3
웹풀스택 개발자 FullStack Web Developer,더마르스,서울 강남구,https://kr.indeed.com/rc/clk?jk=66142c4bdd7d72a4&fccid=d77a2d3f2ee9fa13&vjs=3
21년 피타그래프 개발 부문(경력),피타그래프,서울 강서구,https://kr.indeed.com/rc/clk?jk=97616f272c79f0b5&fccid=c232c1ff01bc06df&vjs=3
[제이앤퍼스트][경력]WEB Programmer(웹프로그래머) 개발자,제이앤퍼스트,성남 서현동,https://kr.indeed.com/rc/clk?jk=6b52539edbfe32c3&fccid=532a2c5dd84687c3&vjs=3
자바(Java)기반 항공네비게이션 & 항공블랙박스개발자 양성과정 자바풀스텍 교육과정 강사,한국직업전문학교,서울 구로구,https://kr.indeed.com/rc/clk?jk=b9242e8f10d38a7f&fccid=6007d6f6e2003d79&vjs=3
웹/앱 프로그래머,웹비즈크리에이티브,서울 송파구,https://kr.indeed.com/rc/clk?jk=93733609bed2956f&fccid=6b56d24800c0af24&vjs=3
엘리스 소프트웨어 교육자 인재풀 등록,엘리스,서울 강남구,https://kr.indeed.com/rc/clk?jk=59b4b413b7114e86&fccid=b00d4b329a5fe2ac&vjs=3
[정규직] 커머스 솔루션 및 프로젝트 개발자 경력자,매디브,서울 마포구,https://kr.indeed.com/rc/clk?jk=9b1cc58dbbbcd6bc&fccid=cfe06628072cc5b2&vjs=3
윈도우 응용 프로그램 / Smart Factory 솔루션 개발직,인터켐코리아,경기도 군포,https://kr.indeed.com/rc/clk?jk=d7e5e7b26229284b&fccid=c2bc6f4ddf18c91a&vjs=3
궁합보고 개발자,마이핏,서울 동작구,https://kr.indeed.com/rc/clk?jk=ab495f152c9d7e45&fccid=40686c91e14a8380&vjs=3
개발자(백엔드),레이즈지엘에스,서울 서초동,https://kr.indeed.com/rc/clk?jk=e8e60d7b06fd0aa0&fccid=2df813faf0d503c5&vjs=3
Mobile Developer - Work in Sweden,Iknal Semikan,서울,https://kr.indeed.com/rc/clk?jk=33d2a950a3e694e9&fccid=1c1f99bc5683e9f2&vjs=3
백엔드 개발 경력직,바이오링크,대구 달서구,https://kr.indeed.com/rc/clk?jk=7ccb72da068e968c&fccid=413b1a5e5c5344b2&vjs=3
MKYU 풀스택 개발자,아트스피치앤커뮤니케이션,서울 마포구,https://kr.indeed.com/rc/clk?jk=4e8496b81a90d451&fccid=0bd6cf3d89db248b&vjs=3
"누구나 쉽게 부동산 직거래" 피터팬 좋은방 구하기 프론트엔드 개발자,두꺼비세상,서울 구로동,https://kr.indeed.com/rc/clk?jk=975259dc9b8525c4&fccid=ea12090191e73594&vjs=3
앱개발 정규직 경력자를 모십니다.,바로티나 관심기업,성남 수내동,https://kr.indeed.com/rc/clk?jk=8034940d48e8ce69&fccid=d51db9ce4ba1a703&vjs=3
개발자(프론트엔드/백엔드) 정규직 신입/경력자를 모십니다.,아토즈소프트 관심기업,서울 성수동2가,https://kr.indeed.com/rc/clk?jk=c6846f4abf3d57cb&fccid=3401aed56a2304e2&vjs=3
[NFT Metaverse Dept.] Front-end Programmer (3년 ~ 10년),크래프톤,서울 서초구,https://kr.indeed.com/rc/clk?jk=9154c5c4d4b88e32&fccid=0aeb279b74dee723&vjs=3
[인공지능기업] 병역특례 산업기능요원 (SW개발자),머니브레인,서울,https://kr.indeed.com/rc/clk?jk=d3a6ba916d772b85&fccid=928e065b762ec631&vjs=3
프론트엔드 엔지니어 (웹 퍼블리셔),주식회사 세이브앤코 관심기업,서울 신사동,https://kr.indeed.com/rc/clk?jk=fe4a032d6ed06615&fccid=a54ae361226a74bd&vjs=3
중견 ARVR 솔루션 제공기업 웹퍼블리셔 정규직 경력(1년이상) (광교),인파트너스,수원 영통구,https://kr.indeed.com/rc/clk?jk=da6643302ebf97aa&fccid=e65c7a7fd4f89d1c&vjs=3
경력 백엔드 개발자,텐일레븐,서울 마포구,https://kr.indeed.com/rc/clk?jk=f14fecb8103440a7&fccid=0f5d2b7ae2acaa89&vjs=3
백엔드 개발 정규직 경력사원(5년 이하),포티투마루,서울 관악구,https://kr.indeed.com/rc/clk?jk=e156570e477aea13&fccid=b6cebf2e7d619f07&vjs=3
[TaaS] Frontend Engineer for Mobility[연구원  책임연구원],현대자동차그룹,서울 강남구,https://kr.indeed.com/rc/clk?jk=0f4ae9338d4a09eb&fccid=980d6ecc399a3373&vjs=3
국내 대기업 계열사 - 웹퍼블리셔(대리과장급),라피플코리아리미티드,서울,https://kr.indeed.com/rc/clk?jk=a3c18f21582ed2b4&fccid=28f5722fca6f5b12&vjs=3
프론트엔드 파운트 개발자 (현재 급여 이상 보장),파운트,서울 충정로역,https://kr.indeed.com/rc/clk?jk=4a0ddfbfc4a11dd0&fccid=df5e7ec512668ebf&vjs=3
Web Graphics Engineer (3D Viewer/Engine)  CLO-SET/CONNECT,CLO Virtual Fashion,서울,https://kr.indeed.com/rc/clk?jk=942e748f42276b0a&fccid=dca5e8b8952213a9&vjs=3
여행 좋아하는 경력직(4년 이상) 개발자,메리홀리데이,서울 강남구,https://kr.indeed.com/rc/clk?jk=5352cf066e6ae2cc&fccid=a42311527da9836f&vjs=3
소리보는통로 웹 프론트엔드 개발자 (경력 3년 이상  시 마감),소리를보는통로,서울 성수동,https://kr.indeed.com/rc/clk?jk=4704f1a86d645701&fccid=973778cbc198bf08&vjs=3
Software Engineer Frontend,트릿지,서울 방배동,https://kr.indeed.com/rc/clk?jk=81a8f57d42d40e54&fccid=3de9f8561145bb08&vjs=3
SMB 기업 대상 보안 매니지먼트 웹 서비스 개발,안랩,성남 분당구,https://kr.indeed.com/rc/clk?jk=28de70b11d887ceb&fccid=0b88b2af6686dd2b&vjs=3
웹 프론트엔드 엔지니어,뱅크샐러드,서울 영등포구,https://kr.indeed.com/rc/clk?jk=8a69b59eaffabb56&fccid=35209469e1b8c72c&vjs=3
웹 프론트엔드 개발자 경력(정규)직,아론티어,서울 서초구,https://kr.indeed.com/rc/clk?jk=48e9aeaf0271980c&fccid=f7ee2929fe1b59a8&vjs=3
Senior Front-end Software Engineer - Korea,MOLOCO,서울 강남구,https://kr.indeed.com/rc/clk?jk=175db064d469279d&fccid=27317bcae2b26fe5&vjs=3
End Users National Accounts Manager,Schneider Electric,울산,https://kr.indeed.com/rc/clk?jk=95e702688e92be2c&fccid=8dc4399ddb463d4a&vjs=3
Lead Engineer,CSK Inc.,경기도 용인,https://kr.indeed.com/rc/clk?jk=96eefdc96f76235b&fccid=d34daa3a2ccb4e8b&vjs=3
[전문연구요원 전직] Software Engineer,Upstage,경기도 용인,https://kr.indeed.com/rc/clk?jk=2615573761265171&fccid=d407e3ac97a68326&vjs=3
Software Architect - HSV,Cadence Design Systems,경기도,https://kr.indeed.com/rc/clk?jk=40f76d02de0b45f0&fccid=391006290e845887&vjs=3
Gis Developer(경력 5년 이상),직방,서울 종로구,https://kr.indeed.com/rc/clk?jk=e50913ec8293ed3d&fccid=750d792cf813d448&vjs=3
[두드림진] 프론트엔드 개발자,두드림진,성남 중원구,https://kr.indeed.com/rc/clk?jk=616b10c595ac3223&fccid=dbe478a464b70d48&vjs=3
프론트엔드 개발자 (팀장급),프리것버드,서울,https://kr.indeed.com/rc/clk?jk=67c8d3a47af38572&fccid=b71979cb548e17d4&vjs=3
React개발 (Front-End 엔지니어),Success Korea,서울 강남구,https://kr.indeed.com/rc/clk?jk=a734ca0573944362&fccid=d29ddc820620b02e&vjs=3
프론트엔드 엔지니어,RIDI Corp,서울,https://kr.indeed.com/rc/clk?jk=a0a4a0b3a1536002&fccid=ba4215b904dee414&vjs=3
(주)작당모의 모바일 앱 개발자(리액트/리액트네이티브),주식회사 작당모의 관심기업,서울 신당동,https://kr.indeed.com/rc/clk?jk=214727c280fbba55&fccid=5792f120e5896741&vjs=3
MYOWN 웹 풀스택 개발자 (Lead 개발자),마이온컴퍼니,서울 강남구,https://kr.indeed.com/rc/clk?jk=6d242a9d8e682495&fccid=51cd945eb0c00aa7&vjs=3
백엔드개발자(JAVA),엠서클,서울 삼성동,https://kr.indeed.com/rc/clk?jk=4cafe5c0a5392141&fccid=17e755bdb1dbd573&vjs=3
국내 유명 플랫폼 기업 - 모바일앱 개발 경력자(대리과장급),라피플코리아리미티드,서울,https://kr.indeed.com/rc/clk?jk=9005a62f3f263eb2&fccid=28f5722fca6f5b12&vjs=3
SW 개발 경력 채용,한화테크윈,성남 삼평동,https://kr.indeed.com/rc/clk?jk=35de97a5476a53d0&fccid=41ab825ad0dacc35&vjs=3
JAVA 개발자,소프트넷,서울 강남구,https://kr.indeed.com/rc/clk?jk=9e9546c63839fa5c&fccid=69b5a40c7def5e64&vjs=3
빅데이터 자바(java) 파이썬 S/W 개발자 양성과정(스프링  풀스택  시각화) 교육과정 강사,한국직업전문학교,서울 구로구,https://kr.indeed.com/rc/clk?jk=89d94af064694bfa&fccid=6007d6f6e2003d79&vjs=3
프론트엔드 개발자,엘리스,서울 강남구,https://kr.indeed.com/rc/clk?jk=a0c065f80e75d855&fccid=b00d4b329a5fe2ac&vjs=3
드론 데이터 스타트업  엔젤스윙 엔지니어,엔젤스윙,서울 관악구,https://kr.indeed.com/rc/clk?jk=d017610d9828199c&fccid=f4f62706e6f8a9af&vjs=3
[디지털 헬스케어기업] 프론트엔드 개발 담당 (강남),제이엔커리어,서울 강남구,https://kr.indeed.com/rc/clk?jk=08a56c699271aec8&fccid=a3d3d50732b81afe&vjs=3
웹/스마트컨트랙트 개발자 Software Engineer,더마르스,서울 강남구,https://kr.indeed.com/rc/clk?jk=2dbc30a6599a6631&fccid=d77a2d3f2ee9fa13&vjs=3
프론트엔드 개발자 (스마트프런트팀),야놀자,서울 강남구,https://kr.indeed.com/rc/clk?jk=85b633432fdc315d&fccid=73fe623ec23ed0a5&vjs=3
[양재] 모바일 개발 경력자 정규직,씨엘엠앤에스,서울 서초구,https://kr.indeed.com/rc/clk?jk=71154f54ea31d81a&fccid=094e4d336d67f203&vjs=3
[신입/경력] 웹 프론트앤드 개발 부문 정규직 모집,레인보우브레인 관심기업,서울 여의도,https://kr.indeed.com/rc/clk?jk=f53fb221d2981866&fccid=6f85454dc3b6913f&vjs=3
데이터플랫폼 팀리드(Team Lead) 모집,넷마블,서울 구로구,https://kr.indeed.com/rc/clk?jk=323fe51f7b745ff0&fccid=e696d83fde5c0f20&vjs=3
부동산데이터 서비스 개발자(경력 5년 이상),직방,서울 종로구,https://kr.indeed.com/rc/clk?jk=a647db8de976c164&fccid=750d792cf813d448&vjs=3
크라우드웍스 개발 & 데이터 PM직군 경력직,크라우드웍스,서울 강남구,https://kr.indeed.com/rc/clk?jk=bb7b914f3d96b5c3&fccid=a4d8989a0ef28313&vjs=3
React/React Native Developer,캐스트잼,수원 영통구,https://kr.indeed.com/rc/clk?jk=3878fafc4b891091&fccid=83a37705fcfb5c57&vjs=3
웹 개발 신입/경력 채용,연합인포맥스,서울 수송동,https://kr.indeed.com/rc/clk?jk=9b25f1f344e4ed7a&fccid=c0cba40e6676323a&vjs=3
[Engineering Div] Web Front-End Developer Senior (5년 이상),크래프톤,서울 강남구,https://kr.indeed.com/rc/clk?jk=6e0f94dc624d5b13&fccid=0aeb279b74dee723&vjs=3
Publisher 영입,핀크,서울 중구,https://kr.indeed.com/rc/clk?jk=ab962fdabc373d19&fccid=1454b55460a78093&vjs=3
업계 상위 연봉 개발직군(iOS/Android/Frontend/Backend) 및 기획직군(PM),에스브이,서울 강남구,https://kr.indeed.com/rc/clk?jk=8539d096f25381e1&fccid=de2a99acddedd572&vjs=3
200만 팔레토 개발사 프론트엔드 개발요원,앤드,서울 구로동,https://kr.indeed.com/rc/clk?jk=103ba7e9cbf251d5&fccid=8b47ff354964fc1b&vjs=3
프론트엔드/백엔드 개발 직원 의 건,비즈코웍,서울 서초구,https://kr.indeed.com/rc/clk?jk=2f64f69afe83a16e&fccid=3b5af77baa8b0a70&vjs=3
[인스코비 그룹] 통신사업본부 IT팀(전산운영개발  JAVA개발) 직원,프리텔레콤,서울 성동구,https://kr.indeed.com/rc/clk?jk=7d973ea967f24206&fccid=ba0c9a8e2adf140e&vjs=3
프론트엔드 개발자,뉴로핏,서울 강남구,https://kr.indeed.com/rc/clk?jk=0eec26b801473802&fccid=23cbc8f59060f439&vjs=3
웹개발 및 R&D 직원 모집,위지언,서울 가산동,https://kr.indeed.com/rc/clk?jk=d47f3baf69f710a5&fccid=6af5024897c08b37&vjs=3
웹 개발 사원 구인,꿀비,대전 만년동,https://kr.indeed.com/rc/clk?jk=132553626852e670&fccid=ebfbd1d5051bf9c7&vjs=3
포토몬 웹개발자(ASP  PHP) 채용,메이비원(주) 관심기업,서울 마곡동,https://kr.indeed.com/rc/clk?jk=26d167443dced9de&fccid=64fe4b3bee3a0978&vjs=3
[비즈웍스](경력무관) JSP 웹/앱 개발자,비즈웍스,고양 덕이동,https://kr.indeed.com/rc/clk?jk=9d7d3b91d6438855&fccid=26c57fa3669a9f43&vjs=3
직방 디자인 시스템 Sr. 개발자(7년 이상),직방,서울 종로구,https://kr.indeed.com/rc/clk?jk=63abc71cf258371d&fccid=750d792cf813d448&vjs=3
Senior Consultant Engineer for Advanced Process Modelling Work - SPSE,Process Systems Enterprise Limited,대전,https://kr.indeed.com/rc/clk?jk=2fbc3ee06b32977a&fccid=ac3c7623f776b3c8&vjs=3
[이피피에스주식회사]강남소재 IT기업-ERP 솔루션 개발자 직원 [긴급,이피피에스,서울 서초구,https://kr.indeed.com/rc/clk?jk=20f9bc1259b52281&fccid=f5b7bb449422d736&vjs=3
디지털부문 경력직 채용[FrontEnd],삼성증권,서울 태평로2가,https://kr.indeed.com/rc/clk?jk=ccae3154f0f73cd2&fccid=9d519296248b9326&vjs=3
솔루션 개발자 채용,이피피에스,서울 서초동,https://kr.indeed.com/rc/clk?jk=86c9a2a2243c9eb8&fccid=f5b7bb449422d736&vjs=3
[텐일레븐] 2021 경력 개발자,텐일레븐,서울 마포구,https://kr.indeed.com/rc/clk?jk=55cc45f4277a3f6a&fccid=0f5d2b7ae2acaa89&vjs=3
React개발&Java/Python개발 (Web Service 개발 / 유지보수),Success Korea,서울 강남구,https://kr.indeed.com/rc/clk?jk=69a5321b09948ca6&fccid=d29ddc820620b02e&vjs=3
[BLUE Unit] Sr. Server Programmer (10 yrs +),크래프톤,성남 분당구,https://kr.indeed.com/rc/clk?jk=91c631b58aeefe96&fccid=0aeb279b74dee723&vjs=3
웹개발  JAVA 경력 정규직,휴먼포커스,서울 서초구,https://kr.indeed.com/rc/clk?jk=05d50c46e8f09e31&fccid=9a10552c351818c9&vjs=3
프론트엔드 개발 팀원 [경력/글로벌 인재],업템포글로벌,서울 강남구,https://kr.indeed.com/rc/clk?jk=8aad8bbb28e5a387&fccid=e09654fed63bbf84&vjs=3
프론트엔드 웹개발 직원 구인,재이스퀘어,서울 가산동,https://kr.indeed.com/rc/clk?jk=62f7d00c8ed92637&fccid=f10cb52a980e3986&vjs=3
서버 개발자,휴먼디지털,서울,https://kr.indeed.com/rc/clk?jk=5c9fe564e4c2fa21&fccid=796208c8550d9592&vjs=3
[BLUE Unit] Engine Programmer (5 yrs +),크래프톤,성남 분당구,https://kr.indeed.com/rc/clk?jk=261a9b6127ffb81c&fccid=0aeb279b74dee723&vjs=3
[BLUE Unit] Client Programmer (5 yrs +),크래프톤,성남 분당구,https://kr.indeed.com/rc/clk?jk=4f5f8f2f53519373&fccid=0aeb279b74dee723&vjs=3
Industrial Engineer,Plastic Omnium,경기도 수원,https://kr.indeed.com/rc/clk?jk=5b2eaeedd34590d2&fccid=aaec0480e2e19692&vjs=3
Web Front-End개발 직원 채용,서울시스템,서울 신문로2가,https://kr.indeed.com/rc/clk?jk=87c9a503b1ab2fe8&fccid=668867f987e72b1b&vjs=3
프론트엔트 SW개발 (클라우드 전자차트/보험청구),덴티움,수원 영통구,https://kr.indeed.com/rc/clk?jk=134a1394e642db11&fccid=b0a4fdd38b0ca73d&vjs=3
DevOps,Success Korea,서울,https://kr.indeed.com/rc/clk?jk=cfe4d0e0ff292d15&fccid=d29ddc820620b02e&vjs=3
[BLUE Unit] 3D Environment Technical Artist (7 yrs +),크래프톤,성남 분당구,https://kr.indeed.com/rc/clk?jk=11454eb21253ac71&fccid=0aeb279b74dee723&vjs=3
(주)호그린에어 2021년 상반기 하드웨어·소프트웨어 및 그 외 관련 경력직,호그린에어,광주 북구,https://kr.indeed.com/rc/clk?jk=e247a9a6e80203fe&fccid=a59a799972a64e0e&vjs=3
민트팟 개발팀 직원,민트팟,서울 서초구,https://kr.indeed.com/rc/clk?jk=4e8a928aec4c8aaf&fccid=8ccf12dd65544365&vjs=3
클라이언트 개발자,슬로그업,서울 서대문구,https://kr.indeed.com/rc/clk?jk=8906a465f2d96bd4&fccid=4b16db71a0c9c0ff&vjs=3
Pyoshi/Lead Developer 표시 테크놀로지스 개발 리더,표시 테크놀로지스,서울 강남구,https://kr.indeed.com/rc/clk?jk=8cc83c4f9790a0c0&fccid=b5c8473027fbcdb8&vjs=3
[BLUE Unit] Sr. Engine Programmer (10 yrs +),크래프톤,성남 분당구,https://kr.indeed.com/rc/clk?jk=8fcaaedd082573c8&fccid=0aeb279b74dee723&vjs=3
[BLUE Unit] TA (5 yrs +),크래프톤,성남 분당구,https://kr.indeed.com/rc/clk?jk=711c62dbefc1767e&fccid=0aeb279b74dee723&vjs=3
[경력] 웹 개발 담당자,동아출판,서울 여의도,https://kr.indeed.com/rc/clk?jk=09521ea035c29e4a&fccid=f1b6f099e24eeab7&vjs=3
[BLUE Unit] Sr. Client Programmer (10 yrs +),크래프톤,성남 분당구,https://kr.indeed.com/rc/clk?jk=055f5e3022744332&fccid=0aeb279b74dee723&vjs=3
안드로이드 엔지니어,RIDI Corp,서울,https://kr.indeed.com/rc/clk?jk=e6dfafd6af522833&fccid=ba4215b904dee414&vjs=3
[BLUE Unit] Server Programmer (5 yrs +),크래프톤,성남 분당구,https://kr.indeed.com/rc/clk?jk=ac7879c940efedfd&fccid=0aeb279b74dee723&vjs=3
빅데이터 플랫폼 응용 SW개발자 양성 과정 (Java  Python) 교육과정 강사,한국직업전문학교,서울 구로구,https://kr.indeed.com/rc/clk?jk=b7bbfa898b3cd004&fccid=6007d6f6e2003d79&vjs=3
[큐라움] UI/UX 기획자  웹/앱 개발자 모집합니다. (경력무관),(주)큐라움 관심기업,서울 청파동3가,https://kr.indeed.com/rc/clk?jk=2d72ae59e9d80509&fccid=2e54ae41d9292d4d&vjs=3
iOS 엔지니어,RIDI Corp,서울,https://kr.indeed.com/rc/clk?jk=70e1da20c2dbbfda&fccid=ba4215b904dee414&vjs=3
Web Graphics Engineer (Alternative Military Service_전문연구요원),CLO Virtual Fashion,서울,https://kr.indeed.com/rc/clk?jk=cd9ee88b66fd053e&fccid=dca5e8b8952213a9&vjs=3
Senior Consultant Engineer for Advanced Process Modelling Work - SPSE,Siemens,대전,https://kr.indeed.com/rc/clk?jk=f8797af2d7889075&fccid=ea6bb53f0b18b8f2&vjs=3
Sr Principal Software Engineer - HSV,Cadence Design Systems,경기도,https://kr.indeed.com/rc/clk?jk=ff4c6872957d2eeb&fccid=391006290e845887&vjs=3
APP Developer,프론트로,서울,https://kr.indeed.com/company/%ED%94%84%EB%A1%A0%ED%8A%B8%EB%A1%9C/jobs/App-Developer-457ef6b379ed8384?fccid=faa09994fff68f89&vjs=3
[Bodyall] 앱 - React Native 프론트엔드 개발,미디어엘,서울,https://kr.indeed.com/company/%EB%AF%B8%EB%94%94%EC%96%B4%EC%97%98/jobs/%EC%95%B1-c62a6e6e5384bcbb?fccid=1710e43545ad5d15&vjs=3
개발 QA 채용 연계형 인턴,주식회사 메드고,서울,https://kr.indeed.com/company/%EC%A3%BC%EC%8B%9D%ED%9A%8C%EC%82%AC-%EB%A9%94%EB%93%9C%EA%B3%A0/jobs/%EA%B0%9C%EB%B0%9C-QA-%EC%97%B0%EA%B3%84%ED%98%95-%EC%9D%B8%ED%84%B4-8393ab473ffbae7c?fccid=846826ff65cb5294&vjs=3
백오피스 프론트엔드 (Frontend) 엔지니어 (Futurewiz),Dunamu,서울,https://kr.indeed.com/rc/clk?jk=ef12e5e6e26a18a6&fccid=54c9c086b03b7cdc&vjs=3
웹퍼블리셔,코아메소드,서울 영등포구,https://kr.indeed.com/company/%EC%BD%94%EC%95%84%EB%A9%94%EC%86%8C%EB%93%9C/jobs/%EC%9B%B9%ED%8D%BC%EB%B8%94%EB%A6%AC%EC%85%94-85376f9b4d34f174?fccid=a2f4b9020f0cf3c1&vjs=3
Software Engineer  Ecosystem - Korea,Aptos,서울,https://kr.indeed.com/rc/clk?jk=bae43ddafecac6d4&fccid=4edf6f7283dd42ad&vjs=3
Brand Designer,Crypto.com,서울,https://kr.indeed.com/rc/clk?jk=3235e512ea0d7cf2&fccid=18bfd14af40ab66a&vjs=3
Frontend Engineer,ThorDrive Inc,서울,https://kr.indeed.com/rc/clk?jk=8199941c83a54b6c&fccid=3e85ac49dfd6b2c5&vjs=3
Frontend Engineer_운영플랫폼,Dunamu,서울,https://kr.indeed.com/rc/clk?jk=f50c00de3c6ce211&fccid=54c9c086b03b7cdc&vjs=3
[파수 / 해외 인재] 신입 공개 채용_SW 개발,주식회사 파수,서울,https://kr.indeed.com/company/Fasoo,-Inc.-(%ED%8C%8C%EC%88%98%EB%8B%B7%EC%BB%B4)/jobs/%EC%8B%A0%EC%9E%85-%EA%B3%B5%EA%B0%9C-Sw-%EA%B0%9C%EB%B0%9C-2f91b69e569f7321?fccid=93bbf536a03d6f21&vjs=3
Language Researcher / Data Analyst,DataForce by TransPerfect,서울,https://kr.indeed.com/company/DataForce-by-TransPerfect/jobs/Language-Researcher-121b3cd80941d462?fccid=496dd2965b81c8be&vjs=3
프론트개발자(경력),이롭게,서울,https://kr.indeed.com/rc/clk?jk=dfa5afebf8c101dc&fccid=ebd2ee3ef127e901&vjs=3
Software Engineer (States DAO),Code States,서울,https://kr.indeed.com/rc/clk?jk=234138ef55840616&fccid=cd97dec6d96a75f7&vjs=3
Front-end 개발자,Success Korea,대한민국,https://kr.indeed.com/rc/clk?jk=efb1c2b37dc02d6a&fccid=d29ddc820620b02e&vjs=3
Frontend Engineer_증권플러스 서비스 개발,Dunamu,서울,https://kr.indeed.com/rc/clk?jk=95307eb7a45c13de&fccid=54c9c086b03b7cdc&vjs=3
프론트엔드 개발자 (Front-end  React),Success Korea,서울,https://kr.indeed.com/rc/clk?jk=41e21ce7e947c658&fccid=d29ddc820620b02e&vjs=3
Frontend Engineer (Graphics  Computer Vision),Superb AI,서울,https://kr.indeed.com/rc/clk?jk=817144cfaa017409&fccid=2ce7b49b3fdddbb1&vjs=3
Front-end Engineer (FTS: Fulfillment & Transportation Systems),Coupang,서울,https://kr.indeed.com/rc/clk?jk=8e1cfe913f63db2b&fccid=56e12959d04ef145&vjs=3
Python_Backend Engineer,Dunamu,서울,https://kr.indeed.com/rc/clk?jk=272637ad170fe32c&fccid=54c9c086b03b7cdc&vjs=3
Web App개발자,Success Korea,성남 판교역,https://kr.indeed.com/rc/clk?jk=b0aeecda51944631&fccid=d29ddc820620b02e&vjs=3
Kaikas - Frontend Development,Success Korea,서울,https://kr.indeed.com/rc/clk?jk=c6bf624aa1e660cb&fccid=d29ddc820620b02e&vjs=3
Software Engineer  iOS Engineer,GigFinesse,서울,https://kr.indeed.com/rc/clk?jk=e0c6fedca0b8d1ea&fccid=da75e93a17bdb7f1&vjs=3
Klip - jr. Frontend Development,Success Korea,서울,https://kr.indeed.com/rc/clk?jk=c7026c0465fe4f69&fccid=d29ddc820620b02e&vjs=3
Senior Pre-Sales Solutions Architect,MongoDB,서울,https://kr.indeed.com/rc/clk?jk=9f249f90e4d47ac1&fccid=5c80575a010bbc63&vjs=3
Klaytn 블록체인 플랫폼의 클라우드 서비스(KAS) - Frontend 개발자,Success Korea,서울,https://kr.indeed.com/rc/clk?jk=ad17adb988096757&fccid=d29ddc820620b02e&vjs=3
Web Frontend 개발,Success Korea,서울,https://kr.indeed.com/rc/clk?jk=1b5de2ed0b991b71&fccid=d29ddc820620b02e&vjs=3
배민사장님광장팀 Front-end 개발자,Success Korea,서울,https://kr.indeed.com/rc/clk?jk=626460d39d5aa016&fccid=d29ddc820620b02e&vjs=3
Klip Drops - Web Service Development,Success Korea,서울,https://kr.indeed.com/rc/clk?jk=f5fed09a6ebdaff2&fccid=d29ddc820620b02e&vjs=3
Senior HR Manager,COS,서울,https://kr.indeed.com/rc/clk?jk=bfa9e6da23184ac0&fccid=0389b020f641b0a5&vjs=3
Klip - Sr. Frontend Development,Success Korea,서울,https://kr.indeed.com/rc/clk?jk=af2cfbf10cee0902&fccid=d29ddc820620b02e&vjs=3
MLOps Developer,Success Korea,서울 선릉역,https://kr.indeed.com/rc/clk?jk=7895aeafb4089537&fccid=d29ddc820620b02e&vjs=3
강화학습 연구개발 _프론트개발/유지보수,Success Korea,서울 선릉역,https://kr.indeed.com/rc/clk?jk=813c58cc09cf27df&fccid=d29ddc820620b02e&vjs=3
프론트엔드 개발자,Success Korea,서울 강남구,https://kr.indeed.com/rc/clk?jk=01c5d9e0a8f44bea&fccid=d29ddc820620b02e&vjs=3
프론트엔드,Success Korea,서울 선릉역,https://kr.indeed.com/rc/clk?jk=3fdb3313faee912d&fccid=d29ddc820620b02e&vjs=3
웹 퍼블리셔,Success Korea,서울 마포구,https://kr.indeed.com/rc/clk?jk=4ac3d5012e737427&fccid=d29ddc820620b02e&vjs=3
Klip Drops - Mobile App Development,Success Korea,서울,https://kr.indeed.com/rc/clk?jk=6d637c7abaeb775e&fccid=d29ddc820620b02e&vjs=3
AI 기반 NLP 플랫폼 개발자(프론트엔드),Success Korea,서울 선릉역,https://kr.indeed.com/rc/clk?jk=bf715323860c0ca0&fccid=d29ddc820620b02e&vjs=3
Frontend Engineer (시니어급),Superb AI,서울,https://kr.indeed.com/rc/clk?jk=5ab37cacd20a0dff&fccid=2ce7b49b3fdddbb1&vjs=3
블록체인 플랫폼 - 백엔드 (Node.js) 개발자 (Backend),디앤에스에버,서울 강남구,https://kr.indeed.com/rc/clk?jk=8e4f4f8ce83beb8f&fccid=e1e73416cfe7c852&vjs=3
블록체인 플랫폼 - 프론트엔드 React / Angular 개발자 (Frontend),디앤에스에버,서울 강남구,https://kr.indeed.com/rc/clk?jk=d138b5c9c46a7e83&fccid=e1e73416cfe7c852&vjs=3
Frontend Engineer (Platform),Superb AI,서울,https://kr.indeed.com/rc/clk?jk=156901124c912cf6&fccid=2ce7b49b3fdddbb1&vjs=3
